month,P_t,D_t,S_t,month_num,year,month_sin,month_cos,D_t_lag1,D_t_lag2,D_t_lag3,D_t_lag6,D_t_lag12,D_t_ma3,D_t_std3,D_t_ma6,D_t_std6,D_t_ma12,D_t_std12
2008-06-01,660175.0,44600.0,0.0675578445109251,6,2008,1.2246467991473532e-16,-1.0,69375.0,331700.0,578000.0,246025.0,0.0,326358.3333333333,254354.5708422267,315962.5,165728.15146347348,178179.16666666666,183918.71377463237
2008-07-01,856475.0,140000.0,0.1634606964593245,7,2008,-0.4999999999999997,-0.8660254037844388,44600.0,69375.0,331700.0,366725.0,0.0,148558.33333333334,159088.34875104247,282391.6666666667,199656.42906419685,181895.83333333334,180407.83117493105
2008-08-01,592450.0,37900.0,0.0639716431766393,8,2008,-0.8660254037844384,-0.5000000000000004,140000.0,44600.0,69375.0,303950.0,51125.0,84658.33333333333,49502.274779380794,244604.16666666666,201945.21683903947,193562.5,171901.84154045588
2008-09-01,317675.0,26500.0,0.0834185881797434,9,2008,-1.0,-1.8369701987210297e-16,37900.0,140000.0,44600.0,578000.0,30125.0,74166.66666666667,57111.67422982204,200262.5,215089.25458399823,192460.41666666666,172937.31702632937
2008-10-01,962550.0,148500.0,0.1542776998597475,10,2008,-0.8660254037844386,0.5000000000000001,26500.0,37900.0,140000.0,331700.0,69700.0,68133.33333333333,62498.82665565265,108345.83333333333,116732.75720279492,192158.33333333334,173249.54392348908
2008-11-01,2064900.0,346500.0,0.1678047363068429,11,2008,-0.5000000000000004,0.8660254037844384,148500.0,26500.0,37900.0,69375.0,91425.0,70966.66666666667,67387.33807870228,77812.5,53412.07670087356,198725.0,169641.86942979723
2008-12-01,2566975.0,345850.0,0.1347305680811071,12,2008,-2.4492935982947064e-16,1.0,346500.0,148500.0,26500.0,44600.0,246025.0,173833.33333333334,161497.161997768,124000.0,121314.73117474234,219981.25,170950.34503840582
2009-01-01,2470125.0,274525.0,0.1111381002985678,1,2009,0.49999999999999994,0.8660254037844387,345850.0,346500.0,148500.0,140000.0,366725.0,280283.3333333333,114128.17721024607,174208.33333333334,142389.69210117235,228300.0,174720.1583962194
2009-02-01,2714925.0,341025.0,0.1256112047294124,2,2009,0.8660254037844386,0.5000000000000001,274525.0,345850.0,346500.0,37900.0,303950.0,322291.6666666667,41368.42344510279,196629.16666666666,146458.99290984718,220616.66666666666,170044.20225252307
2009-03-01,3061300.0,297675.0,0.0972381014601639,3,2009,1.0,6.123233995736766e-17,341025.0,274525.0,345850.0,26500.0,578000.0,320466.6666666667,39859.72539209635,247150.0,132357.29201672267,223706.25,172021.2761434548
2009-04-01,3079475.0,417200.0,0.1354776382337898,4,2009,0.8660254037844387,-0.4999999999999998,297675.0,341025.0,274525.0,148500.0,331700.0,304408.3333333333,33757.455966546564,292345.8333333333,76423.34299261363,200345.83333333334,134469.77348482673
2009-05-01,3443300.0,440250.0,0.1278569976476055,5,2009,0.49999999999999994,-0.8660254037844387,417200.0,297675.0,341025.0,346500.0,69375.0,351966.6666666667,60509.060960597715,337129.1666666667,49124.931085617485,207470.83333333334,143990.51256361767
2009-06-01,3592300.0,448550.0,0.1248642930712913,6,2009,1.2246467991473532e-16,-1.0,440250.0,417200.0,297675.0,345850.0,44600.0,385041.6666666667,76534.47888588077,352754.1666666667,65034.67424510303,238377.08333333334,151273.16368769226
2009-07-01,3876150.0,474300.0,0.1223636856158817,7,2009,-0.4999999999999997,-0.8660254037844388,448550.0,440250.0,417200.0,274525.0,140000.0,435333.3333333333,16243.024143715596,369870.8333333333,75523.29014394611,272039.5833333333,149162.63258998294
2009-08-01,4318650.0,448900.0,0.1039445196994431,8,2009,-0.8660254037844384,-0.5000000000000004,474300.0,448550.0,440250.0,341025.0,37900.0,454366.6666666667,17754.600342821795,403166.6666666667,68821.19525746896,299897.9166666667,153417.48872777793
2009-09-01,5107225.0,641600.0,0.1256259514707106,9,2009,-1.0,-1.8369701987210297e-16,448900.0,474300.0,448550.0,297675.0,26500.0,457250.0,14766.770127553087,421145.8333333333,63201.634505498885,334147.9166666667,134295.51770186
2009-10-01,6289450.0,1050850.0,0.1670813823148288,10,2009,-0.8660254037844386,0.5000000000000001,641600.0,448900.0,474300.0,417200.0,148500.0,521600.0,104696.17949094415,478466.6666666667,81991.6560795467,385406.25,123118.08408126276
2009-11-01,6848875.0,845950.0,0.1235166359438593,11,2009,-0.5000000000000004,0.8660254037844384,1050850.0,641600.0,448900.0,440250.0,346500.0,713783.3333333334,307398.3992042465,584075.0,241065.7643673195,460602.0833333333,210103.1222611922
2009-12-01,7126475.0,575650.0,0.0807762603531198,12,2009,-2.4492935982947064e-16,1.0,845950.0,1050850.0,641600.0,448550.0,345850.0,846133.3333333334,204625.06159640691,651691.6666666666,249409.02833832352,502222.9166666667,233600.8149255937
2010-01-01,7385950.0,885025.0,0.1198254794576188,1,2010,0.49999999999999994,0.8660254037844387,575650.0,845950.0,1050850.0,474300.0,274525.0,824150.0,238348.88294263094,672875.0,233601.24732115626,521372.9166666667,228990.10013791907
2010-02-01,7460000.0,662575.0,0.0888170241286863,2,2010,0.8660254037844386,0.5000000000000001,885025.0,575650.0,845950.0,448900.0,341025.0,768875.0,168474.44724645925,741329.1666666666,223744.2593770099,572247.9166666666,236844.9592268626
2010-03-01,8664750.0,757500.0,0.0874231801263741,3,2010,1.0,6.123233995736766e-17,662575.0,885025.0,575650.0,641600.0,297675.0,707750.0,159558.16533477686,776941.6666666666,180768.0106287246,599043.75,226260.03270698988
2010-04-01,9510575.0,830550.0,0.0873291047071286,4,2010,0.8660254037844387,-0.4999999999999998,757500.0,662575.0,885025.0,1050850.0,417200.0,768366.6666666666,111622.4169167346,796258.3333333334,169237.8080296087,637362.5,208848.56777426938
2010-05-01,10608150.0,1444875.0,0.1362042391934503,5,2010,0.49999999999999994,-0.8660254037844387,830550.0,757500.0,662575.0,845950.0,440250.0,750208.3333333334,84224.55970994038,759541.6666666666,119563.78911136388,671808.3333333334,203247.8704834581
2010-06-01,11169550.0,1616575.0,0.1447305397263094,6,2010,1.2246467991473532e-16,-1.0,1444875.0,830550.0,757500.0,575650.0,448550.0,1010975.0,377539.37956854247,859362.5,307866.1018811588,755527.0833333334,288304.37286957627
2010-07-01,11936500.0,1373325.0,0.1150525698487831,7,2010,-0.4999999999999997,-0.8660254037844388,1616575.0,1444875.0,830550.0,885025.0,474300.0,1297333.3333333333,413261.700025944,1032850.0,396534.5369573753,852862.5,362791.18845481146
2010-08-01,12101875.0,1608825.0,0.1329401435727934,8,2010,-0.8660254037844384,-0.5000000000000004,1373325.0,1616575.0,1444875.0,662575.0,448900.0,1478258.3333333333,125013.90256020859,1114233.3333333333,410007.2458709318,927781.25,370259.08974248264
2010-09-01,12252600.0,1856025.0,0.1514800940208608,9,2010,-1.0,-1.8369701987210297e-16,1608825.0,1373325.0,1616575.0,757500.0,641600.0,1532908.3333333333,138257.5344541242,1271941.6666666667,382602.6305668411,1024441.6666666666,384989.2835482174
2010-10-01,13132125.0,1725825.0,0.1314200862388989,10,2010,-0.8660254037844386,0.5000000000000001,1856025.0,1608825.0,1373325.0,830550.0,1050850.0,1612725.0,241373.63153418395,1455029.1666666667,348511.342862993,1125643.75,431955.91014553694
2010-11-01,13481475.0,1703675.0,0.126371558008304,11,2010,-0.5000000000000004,0.8660254037844384,1725825.0,1856025.0,1608825.0,1444875.0,845950.0,1730225.0,123658.72391384281,1604241.6666666667,177240.35281692108,1181891.6666666667,464082.9159522983
2010-12-01,14289000.0,1566425.0,0.1096245363566379,12,2010,-2.4492935982947064e-16,1.0,1703675.0,1725825.0,1856025.0,1616575.0,575650.0,1761841.6666666667,82313.6126854686,1647375.0,161491.21338326737,1253368.75,473593.21285698836
2011-01-01,14824575.0,2044575.0,0.1379179504302821,1,2011,0.49999999999999994,0.8660254037844387,1566425.0,1703675.0,1725825.0,1373325.0,885025.0,1665308.3333333333,86348.6585497038,1639016.6666666667,164670.6726064683,1335933.3333333333,428962.21813037735
2011-02-01,14601275.0,2050975.0,0.1404654730494426,2,2011,0.8660254037844386,0.5000000000000001,2044575.0,1566425.0,1703675.0,1608825.0,662575.0,1771558.3333333333,246197.00614210026,1750891.6666666667,175710.87520886876,1432562.5,448320.3772136619
2011-03-01,16567325.0,2641900.0,0.159464488081208,3,2011,1.0,6.123233995736766e-17,2050975.0,2044575.0,1566425.0,1856025.0,757500.0,1887325.0,277925.9748566154,1824583.3333333333,195783.48095962196,1548262.5,408969.676234737
2011-04-01,17542075.0,2877750.0,0.164048437827338,4,2011,0.8660254037844387,-0.4999999999999998,2641900.0,2050975.0,2044575.0,1725825.0,830550.0,2245816.6666666665,343033.1546779894,1955562.5,388777.7153303671,1705295.8333333333,438452.0491603146
2011-05-01,19327950.0,3425300.0,0.1772200362687196,5,2011,0.49999999999999994,-0.8660254037844387,2877750.0,2641900.0,2050975.0,1703675.0,1444875.0,2523541.6666666665,425905.7952861565,2147550.0,516185.2041661016,1875895.8333333333,464646.33408272505
2011-06-01,20940200.0,3415350.0,0.1631001614120209,6,2011,1.2246467991473532e-16,-1.0,3425300.0,2877750.0,2641900.0,1566425.0,1616575.0,2981650.0,401902.0993973535,2434487.5,674367.4218758644,2040931.25,622523.6338270986
2011-07-01,21337600.0,3654425.0,0.1712669184913017,7,2011,-0.4999999999999997,-0.8660254037844388,3415350.0,3425300.0,2877750.0,2044575.0,1373325.0,3239466.6666666665,313295.3252656885,2742641.6666666665,618492.0202934446,2190829.1666666665,719987.9083449104
2011-08-01,23247525.0,3249650.0,0.1397847727876408,8,2011,-0.8660254037844384,-0.5000000000000004,3654425.0,3415350.0,3425300.0,2050975.0,1608825.0,3498358.3333333335,135249.2290489434,3010950.0,604115.4693020202,2380920.8333333335,782907.7543358749
2011-09-01,25837650.0,4188900.0,0.162123877365008,9,2011,-1.0,-1.8369701987210297e-16,3249650.0,3654425.0,3415350.0,2641900.0,1856025.0,3439808.3333333335,203492.89350818514,3210729.1666666665,379666.40568289254,2517656.25,779078.1014008715
2011-10-01,27482550.0,4354825.0,0.1584578214175904,10,2011,-0.8660254037844386,0.5000000000000001,4188900.0,3249650.0,3654425.0,2877750.0,1725825.0,3697658.3333333335,471115.146708672,3468562.5,437062.0756111196,2712062.5,883091.8746280544
2011-11-01,28332600.0,5074650.0,0.1791099299040681,11,2011,-0.5000000000000004,0.8660254037844384,4354825.0,4188900.0,3249650.0,3425300.0,1703675.0,3931125.0,595977.2714835694,3714741.6666666665,453407.76478426874,2931145.8333333335,940425.3385396552
2011-12-01,31642500.0,6382300.0,0.2017002449237576,12,2011,-2.4492935982947064e-16,1.0,5074650.0,4354825.0,4188900.0,3415350.0,1566425.0,4539458.333333333,470855.9933337725,3989633.3333333335,684116.1644170285,3212060.4166666665,1038765.3256422406
2012-01-01,34220475.0,6438800.0,0.1881563596063467,1,2012,0.49999999999999994,0.8660254037844387,6382300.0,5074650.0,4354825.0,3654425.0,2044575.0,5270591.666666667,1027841.7054480391,4484125.0,1119642.3547276156,3613383.3333333335,1253321.0250141125
2012-02-01,36058175.0,6492450.0,0.180054869665478,2,2012,0.8660254037844386,0.5000000000000001,6438800.0,6382300.0,5074650.0,3249650.0,2050975.0,5965250.0,771799.4120884001,4948187.5,1273438.1221470872,3979568.75,1387989.6564376273
2012-03-01,39536300.0,6484100.0,0.1640037130434562,3,2012,1.0,6.123233995736766e-17,6492450.0,6438800.0,6382300.0,4188900.0,2641900.0,6437850.0,55081.1446867256,5488654.166666667,1082156.6409740166,4349691.666666667,1418798.3005127544
2012-04-01,42051125.0,6970325.0,0.1657583477255364,4,2012,0.8660254037844387,-0.4999999999999998,6484100.0,6492450.0,6438800.0,4354825.0,2877750.0,6471783.333333333,28867.903168282526,5871187.5,925081.1839711689,4669875.0,1431839.6604702133
2012-05-01,45090825.0,8348925.0,0.185157956191753,5,2012,0.49999999999999994,-0.8660254037844387,6970325.0,6484100.0,6492450.0,5074650.0,3425300.0,6648958.333333333,278343.01043556567,6307104.166666667,639919.3629701842,5010922.916666667,1453410.0014534136
2012-06-01,50224275.0,10748750.0,0.2140150355580045,6,2012,1.2246467991473532e-16,-1.0,8348925.0,6970325.0,6484100.0,6382300.0,3415350.0,7267783.333333333,967343.8712310807,6852816.666666667,762988.8861685118,5421225.0,1647154.3294421448
2012-07-01,60294525.0,11384800.0,0.1888197974857584,7,2012,-0.4999999999999997,-0.8660254037844388,10748750.0,8348925.0,6970325.0,6438800.0,3654425.0,8689333.333333334,1912075.3764452732,7580558.333333333,1714060.8627369876,6032341.666666667,2126065.858504146
2012-08-01,70078650.0,12438575.0,0.1774945008215769,8,2012,-0.8660254037844384,-0.5000000000000004,11384800.0,10748750.0,8348925.0,6492450.0,3249650.0,10160825.0,1601054.686175647,8404891.666666666,2180894.912912281,6676539.583333333,2481497.851336658
2012-09-01,77027750.0,13158350.0,0.1708260983866204,9,2012,-1.0,-1.8369701987210297e-16,12438575.0,11384800.0,10748750.0,6484100.0,4188900.0,11524041.666666666,853474.260864575,9395912.5,2469896.6560743996,7442283.333333333,2732918.278501884
2012-10-01,82042125.0,14091825.0,0.1717632862386243,10,2012,-0.8660254037844386,0.5000000000000001,13158350.0,12438575.0,11384800.0,6970325.0,4354825.0,12327241.666666666,892001.2522179178,10508287.5,2398122.704155795,8189737.5,2977826.048641175
2012-11-01,87696350.0,15463975.0,0.1763354461160584,11,2012,-0.5000000000000004,0.8660254037844384,14091825.0,13158350.0,12438575.0,8348925.0,5074650.0,13229583.333333334,828923.7187210495,11695204.166666666,2031103.042278793,9001154.166666666,3158959.0723310877
2012-12-01,94090450.0,15222050.0,0.1617810309122764,12,2012,-2.4492935982947064e-16,1.0,15463975.0,14091825.0,13158350.0,10748750.0,6382300.0,14238050.0,1159746.9435721743,12881045.833333334,1743308.6028739053,9866931.25,3399532.39142608
2013-01-01,105074375.0,17347875.0,0.1651009106644698,1,2013,0.49999999999999994,0.8660254037844387,15222050.0,15463975.0,14091825.0,11384800.0,6438800.0,14925950.0,732431.097868598,13626595.833333334,1599635.6208068659,10603577.083333334,3531004.262977564
2013-02-01,120171375.0,19610400.0,0.1631869486389749,2,2013,0.8660254037844386,0.5000000000000001,17347875.0,15222050.0,15463975.0,12438575.0,6492450.0,16011300.0,1163811.1850188586,14620441.666666666,1771443.672944942,11512666.666666666,3758272.837662351
2013-03-01,127643500.0,19261175.0,0.1508982047656167,3,2013,1.0,6.123233995736766e-17,19610400.0,17347875.0,15222050.0,13158350.0,6484100.0,17393441.666666668,2194529.8292477895,15815745.833333334,2334810.1911834646,12605829.166666666,4060915.9366066204
2013-04-01,140125775.0,24069125.0,0.171768006278645,4,2013,0.8660254037844387,-0.4999999999999998,19261175.0,19610400.0,17347875.0,14091825.0,6970325.0,18739816.666666668,1218037.654470636,16832883.333333332,2274137.661107319,13670585.416666666,3984230.396705163
2013-05-01,148036475.0,26431375.0,0.178546368386575,5,2013,0.49999999999999994,-0.8660254037844387,24069125.0,19261175.0,19610400.0,15463975.0,8348925.0,20980233.333333332,2680751.447161473,18495766.666666668,3289900.2203207724,15095485.416666666,4405441.532812504
2013-06-01,158063375.0,27676525.0,0.1750976467508681,6,2013,1.2246467991473532e-16,-1.0,26431375.0,24069125.0,19261175.0,15222050.0,10748750.0,23253891.666666668,3653956.2190635684,20323666.666666668,4191706.7108358936,16602356.25,4947225.712723029
2013-07-01,170776825.0,28188575.0,0.1650608916051694,7,2013,-0.4999999999999997,-0.8660254037844388,27676525.0,26431375.0,24069125.0,17347875.0,11384800.0,26059008.333333332,1832300.8461585464,22399412.5,4243529.997942455,18013004.166666668,5508001.135660345
2013-08-01,180032675.0,29038675.0,0.1612966923920893,8,2013,-0.8660254037844384,-0.5000000000000004,28188575.0,27676525.0,26431375.0,19610400.0,12438575.0,27432158.333333332,903727.9794458771,24206195.833333332,3960992.539074539,19413318.75,5798098.604765397
2013-09-01,187911125.0,31480625.0,0.167529330687579,9,2013,-1.0,-1.8369701987210297e-16,29038675.0,28188575.0,27676525.0,19261175.0,13158350.0,28301258.333333332,688030.7448314568,25777575.0,3629419.515983238,20796660.416666668,5960737.021976877
2013-10-01,204771925.0,34610200.0,0.1690182870527783,10,2013,-0.8660254037844386,0.5000000000000001,31480625.0,29038675.0,28188575.0,24069125.0,14091825.0,29569291.666666668,1708965.7210820024,27814150.0,2491542.25626418,22323516.666666668,6169294.03206954
2013-11-01,215992725.0,35380675.0,0.1638049383376222,11,2013,-0.5000000000000004,0.8660254037844384,34610200.0,31480625.0,29038675.0,26431375.0,15463975.0,31709833.333333332,2792825.6392869083,29570995.833333332,2989346.207217252,24033381.25,6514182.250457332
2013-12-01,224165125.0,36813400.0,0.1642244751497361,12,2013,-2.4492935982947064e-16,1.0,35380675.0,34610200.0,31480625.0,27676525.0,15222050.0,33823833.333333336,2065520.975797227,31062545.833333332,3323485.4704217035,25693106.25,6667767.660903233
2014-01-01,232715325.0,38730350.0,0.1664280167195692,1,2014,0.49999999999999994,0.8660254037844387,36813400.0,35380675.0,34610200.0,28188575.0,17347875.0,35601425.0,1118065.5087583151,32585358.333333332,3547427.7289913427,27492385.416666668,6496288.655407049
2014-02-01,230086925.0,39712875.0,0.1725994425802335,2,2014,0.8660254037844386,0.5000000000000001,38730350.0,36813400.0,35380675.0,29038675.0,19610400.0,36974808.333333336,1680660.6257535517,34342320.833333336,3544825.3273404283,29274258.333333332,6392462.411640955
2014-03-01,245762800.0,43634450.0,0.1775470087417623,3,2014,1.0,6.123233995736766e-17,39712875.0,38730350.0,36813400.0,31480625.0,19261175.0,38418875.0,1474619.0442365052,36121354.166666664,2985075.152547113,30949464.583333332,6262428.37587838
2014-04-01,281179575.0,52104100.0,0.1853054227000663,4,2014,0.8660254037844387,-0.4999999999999998,43634450.0,39712875.0,38730350.0,34610200.0,24069125.0,40692558.333333336,2594683.752927958,38146991.666666664,3311928.9378195717,32980570.833333332,6076677.705074115
2014-05-01,280661600.0,51738550.0,0.1843449549208014,5,2014,0.49999999999999994,-0.8660254037844387,52104100.0,43634450.0,39712875.0,35380675.0,26431375.0,45150475.0,6333195.331001956,41062641.666666664,6101315.508082391,35316818.75,7549744.00682902
2014-06-01,255898875.0,50063300.0,0.1956370460792373,6,2014,1.2246467991473532e-16,-1.0,51738550.0,52104100.0,43634450.0,36813400.0,27676525.0,49159033.333333336,4787919.428711526,43788954.166666664,6681674.17793656,37425750.0,8335771.953461408
2014-07-01,433044725.0,82224425.0,0.1898751335673238,7,2014,-0.4999999999999997,-0.8660254037844388,50063300.0,51738550.0,52104100.0,38730350.0,28188575.0,51301983.333333336,1088190.70058207,45997270.833333336,6077383.216533593,39291314.583333336,8459703.10024947
2014-08-01,281426975.0,53452950.0,0.1899354175270512,8,2014,-0.8660254037844384,-0.5000000000000004,82224425.0,50063300.0,51738550.0,39712875.0,29038675.0,61342091.666666664,18104018.883219227,53246283.333333336,15026525.886375623,43794302.083333336,14346018.543898182
2014-09-01,159444175.0,29326975.0,0.1839325582135565,9,2014,-1.0,-1.8369701987210297e-16,53452950.0,82224425.0,50063300.0,43634450.0,31480625.0,61913558.333333336,17671188.707723044,55536295.833333336,13523365.169683328,45828825.0,13783324.165800707
2014-10-01,571760975.0,110175550.0,0.192695120544035,10,2014,-0.8660254037844386,0.5000000000000001,29326975.0,53452950.0,82224425.0,52104100.0,34610200.0,55001450.0,26482700.831167597,53151716.666666664,16885285.221485503,45649354.166666664,13999460.926236004
2014-11-01,373466650.0,70186875.0,0.1879334473372655,11,2014,-0.5000000000000004,0.8660254037844384,110175550.0,29326975.0,53452950.0,51738550.0,35380675.0,64318491.666666664,41505036.039801344,62830291.666666664,28684962.848915577,51946466.666666664,22807011.446705416
2014-12-01,158391575.0,27488450.0,0.1735474251076801,12,2014,-2.4492935982947064e-16,1.0,70186875.0,110175550.0,29326975.0,50063300.0,36813400.0,69896466.66666667,40425069.85315805,65905012.5,28243599.64360399,54846983.333333336,22721812.831509545
2015-01-01,533132575.0,103254125.0,0.1936743876511391,1,2015,0.49999999999999994,0.8660254037844387,27488450.0,70186875.0,110175550.0,82224425.0,38730350.0,69283625.0,41350949.46944235,62142537.5,32026363.248957686,54069904.166666664,23539370.41675131
2015-02-01,366908525.0,67852400.0,0.1849300176385926,2,2015,0.8660254037844386,0.5000000000000001,103254125.0,27488450.0,70186875.0,53452950.0,39712875.0,66976483.333333336,37984725.062075384,65647487.5,35613514.53862266,59446885.416666664,26853075.131813582
2015-03-01,390003275.0,76813775.0,0.1969567435042692,3,2015,1.0,6.123233995736766e-17,67852400.0,103254125.0,27488450.0,29326975.0,43634450.0,66198325.0,37909910.97497625,68047395.83333333,35109000.621512346,61791845.833333336,26193683.347499494
2015-04-01,539401075.0,104184200.0,0.193147928005149,4,2015,0.8660254037844387,-0.4999999999999998,76813775.0,67852400.0,103254125.0,110175550.0,52104100.0,82640100.0,18405979.47673867,75961862.5,29546422.25950018,64556789.583333336,25851723.848889787
2015-05-01,483189475.0,93853750.0,0.1942379850057785,5,2015,0.49999999999999994,-0.8660254037844387,104184200.0,76813775.0,67852400.0,70186875.0,51738550.0,82950125.0,18927255.910508398,74963304.16666667,28230821.988845,68896797.91666667,27864382.60253185
2015-06-01,429777175.0,84703300.0,0.197086548395689,6,2015,1.2246467991473532e-16,-1.0,93853750.0,104184200.0,76813775.0,27488450.0,50063300.0,91617241.66666667,13821596.08417056,78907783.33333333,29070871.06933531,72406397.91666667,28157509.051475346
2015-07-01,696238600.0,134123150.0,0.1926396353204203,7,2015,-0.4999999999999997,-0.8660254037844388,84703300.0,93853750.0,104184200.0,103254125.0,82224425.0,94247083.33333333,9746404.441425266,88443591.66666667,14626196.041475268,75293064.58333333,27424779.967333257
2015-08-01,555331400.0,103633375.0,0.1866153705697174,8,2015,-0.8660254037844384,-0.5000000000000004,134123150.0,84703300.0,93853750.0,67852400.0,53452950.0,104226733.33333333,26292194.296612725,93588429.16666667,23571517.081938196,79617958.33333333,32279718.992164515
2015-09-01,450246800.0,85730525.0,0.1904078496504583,9,2015,-1.0,-1.8369701987210297e-16,103633375.0,134123150.0,84703300.0,76813775.0,29326975.0,107486608.33333333,24934232.469568018,99551925.0,20016294.022233486,83799660.41666667,31829197.329680763
2015-10-01,738221400.0,132744925.0,0.1798172269186452,10,2015,-0.8660254037844386,0.5000000000000001,85730525.0,103633375.0,134123150.0,104184200.0,110175550.0,107829016.66666667,24467613.19262588,101038050.0,18242896.477074303,88499956.25,26825051.452386748
2015-11-01,567247325.0,105420450.0,0.1858456538336254,11,2015,-0.5000000000000004,0.8660254037844384,132744925.0,85730525.0,103633375.0,93853750.0,70186875.0,107369608.33333333,23728843.871559247,105798170.83333333,22465491.402245227,90380737.5,29171522.660424683
2015-12-01,667910550.0,132390000.0,0.1982151651894104,12,2015,-2.4492935982947064e-16,1.0,105420450.0,132744925.0,85730525.0,84703300.0,27488450.0,107965300.0,23610286.9101982,107725954.16666667,21719424.081794944,93316868.75,28723929.755220737
2016-01-01,518403400.0,95297250.0,0.1838283660948211,1,2016,0.49999999999999994,0.8660254037844387,132390000.0,105420450.0,132744925.0,134123150.0,103254125.0,123518458.33333333,15674339.608543662,115673737.5,20287611.514091242,102058664.58333333,22057788.73831516
2016-02-01,619446250.0,114926225.0,0.1855305847763224,2,2016,0.8660254037844386,0.5000000000000001,95297250.0,132390000.0,105420450.0,103633375.0,67852400.0,111035900.0,19173366.54496288,109202754.16666667,19398528.67706348,101395591.66666667,22138034.11143913
2016-03-01,949367550.0,174675525.0,0.1839914635801487,3,2016,1.0,6.123233995736766e-17,114926225.0,95297250.0,132390000.0,85730525.0,76813775.0,114204491.66666667,18556904.37260375,111084895.83333333,19297668.070167292,105318410.41666667,19689148.708181705
2016-04-01,537278275.0,97571675.0,0.1816036112757397,4,2016,0.8660254037844387,-0.4999999999999998,174675525.0,114926225.0,95297250.0,132744925.0,104184200.0,128299666.66666667,41344459.62886335,125909062.5,28086966.57890787,113473556.25,26049091.07769608
2016-05-01,417538850.0,76037050.0,0.182107724826085,5,2016,0.49999999999999994,-0.8660254037844387,97571675.0,174675525.0,114926225.0,105420450.0,93853750.0,129057808.33333333,40447832.53569759,120046854.16666667,29981574.518257946,112922512.5,26331868.874895997
2016-06-01,488623850.0,85719375.0,0.1754301903191995,6,2016,1.2246467991473532e-16,-1.0,76037050.0,97571675.0,174675525.0,132390000.0,84703300.0,116094750.0,51862466.37186789,115149620.83333333,34852569.06164672,111437787.5,27956959.197929885
2016-07-01,488020900.0,93131575.0,0.1908352183277396,7,2016,-0.4999999999999997,-0.8660254037844388,85719375.0,76037050.0,97571675.0,95297250.0,134123150.0,86442700.0,10785518.89175369,107371183.33333333,35438374.701263696,111522460.41666667,27870031.36172776
2016-08-01,517053650.0,97300650.0,0.1881828897252732,8,2016,-0.8660254037844384,-0.5000000000000004,93131575.0,85719375.0,76037050.0,114926225.0,103633375.0,84962666.66666667,8572348.095487552,107010237.5,35596620.332040474,108106495.83333333,27355459.580546916
2016-09-01,399512400.0,70810300.0,0.1772418077636639,9,2016,-1.0,-1.8369701987210297e-16,97300650.0,93131575.0,85719375.0,174675525.0,85730525.0,92050533.33333333,5865830.799657411,104072641.66666667,35539930.53160651,107578768.75,27510243.38344911
2016-10-01,464760675.0,71290250.0,0.1533913126363369,10,2016,-0.8660254037844386,0.5000000000000001,70810300.0,97300650.0,93131575.0,97571675.0,132744925.0,87080841.66666667,14244058.100975268,86761770.83333333,11305326.66557469,106335416.66666667,28890029.496831004
2016-11-01,492691125.0,78258200.0,0.1588382579450766,11,2016,-0.5000000000000004,0.8660254037844384,71290250.0,70810300.0,97300650.0,76037050.0,105420450.0,79800400.0,15157560.837664494,82381533.33333333,11370550.563117716,101214193.75,29227867.048021693
2016-12-01,507872775.0,83676550.0,0.164758880804351,12,2016,-2.4492935982947064e-16,1.0,78258200.0,71290250.0,70810300.0,85719375.0,132390000.0,73452916.66666667,4168410.8405762264,82751725.0,11156829.821526363,98950672.91666667,29916175.42491827
2017-01-01,470400950.0,67090175.0,0.1426233833073679,1,2017,0.49999999999999994,0.8660254037844387,83676550.0,78258200.0,71290250.0,93131575.0,95297250.0,77741666.66666667,6209284.333627643,82411254.16666667,11079053.125249656,94891218.75,28223319.323681455
2017-02-01,417331475.0,58054800.0,0.1391095651244613,2,2017,0.8660254037844386,0.5000000000000001,67090175.0,83676550.0,78258200.0,97300650.0,114926225.0,76341641.66666667,8457650.725464998,78071020.83333333,11140121.42209878,92540629.16666667,29338995.467796993
2017-03-01,550237050.0,72771325.0,0.1322544983112278,3,2017,1.0,6.123233995736766e-17,58054800.0,67090175.0,83676550.0,70810300.0,174675525.0,69607175.0,12994998.461547617,71530045.83333333,8884546.82415508,87801343.75,29980555.52130284
2017-04-01,437930725.0,57771875.0,0.1319201227545749,4,2017,0.8660254037844387,-0.4999999999999998,72771325.0,58054800.0,67090175.0,71290250.0,97571675.0,65972100.0,7421697.635859652,71856883.33333333,8888843.172759693,79309327.08333333,12433739.77965272
2017-05-01,549518775.0,71256225.0,0.129670228282919,5,2017,0.49999999999999994,-0.8660254037844387,57771875.0,72771325.0,58054800.0,78258200.0,76037050.0,62866000.0,8579429.419001278,69603820.83333333,10608169.563046873,75992677.08333333,12427693.482087053
2017-06-01,550982575.0,68422700.0,0.1241830560612556,6,2017,1.2246467991473532e-16,-1.0,71256225.0,57771875.0,72771325.0,83676550.0,85719375.0,67266475.0,8257387.835901848,68436825.0,9821682.060739389,75594275.0,12502547.147295177
2017-07-01,569393925.0,69071100.0,0.1213063521884256,7,2017,-0.4999999999999997,-0.8660254037844388,68422700.0,71256225.0,57771875.0,67090175.0,93131575.0,65816933.333333336,7109812.843630842,65894516.666666664,6500741.249747339,74152885.41666667,12223052.466820253
2017-08-01,620409250.0,68791725.0,0.1108812046242057,8,2017,-0.8660254037844384,-0.5000000000000004,69071100.0,68422700.0,71256225.0,58054800.0,97300650.0,69583341.66666667,1484590.7264994648,66224670.833333336,6622767.641428626,72147845.83333333,10706093.454514433
2017-09-01,601398225.0,70986375.0,0.1180355578867895,9,2017,-1.0,-1.8369701987210297e-16,68791725.0,69071100.0,68422700.0,72771325.0,70810300.0,68761841.66666667,325231.3026265832,68014158.33333333,5290267.304155489,69772102.08333333,7209179.103678384
2017-10-01,577822025.0,59947000.0,0.1037464779920772,10,2017,-0.8660254037844386,0.5000000000000001,70986375.0,68791725.0,69071100.0,57771875.0,71290250.0,69616400.0,1194628.0689507013,67716666.66666667,5012126.698634681,69786775.0,7211663.010242007
2017-11-01,645542600.0,57576550.0,0.0891909379799257,11,2017,-0.5000000000000004,0.8660254037844384,59947000.0,70986375.0,68791725.0,71256225.0,78258200.0,66575033.333333336,5843991.919609235,68079187.5,4154211.8604119625,68841504.16666667,7722029.930371064
2017-12-01,593989500.0,53902650.0,0.0907468061304113,12,2017,-2.4492935982947064e-16,1.0,57576550.0,59947000.0,70986375.0,68422700.0,83676550.0,62836641.666666664,7156701.289976955,65799241.666666664,5573334.550667717,67118033.33333333,7737206.567209604
2018-01-01,584275125.0,42923675.0,0.073464833882839,1,2018,0.49999999999999994,0.8660254037844387,53902650.0,57576550.0,59947000.0,69071100.0,67090175.0,57142066.666666664,3045508.7515606484,63379233.333333336,7138879.572097883,64636875.0,6640756.68228346
2018-02-01,533093100.0,37808650.0,0.0709231652032262,2,2018,0.8660254037844386,0.5000000000000001,42923675.0,53902650.0,57576550.0,68791725.0,58054800.0,51467625.0,7623889.853898324,59021329.166666664,10265501.01988957,62623000.0,9054743.636794196
2018-03-01,624413475.0,40673800.0,0.0651392092395187,3,2018,1.0,6.123233995736766e-17,37808650.0,42923675.0,53902650.0,70986375.0,72771325.0,44878325.0,8223119.935089928,53857483.333333336,12011892.905717075,60935820.833333336,11530973.458102096
2018-04-01,685339900.0,40537700.0,0.0591497737108258,4,2018,0.8660254037844387,-0.4999999999999998,40673800.0,37808650.0,42923675.0,59947000.0,57771875.0,40468708.333333336,2563672.5866335663,48805387.5,9473081.848502992,58261027.083333336,12237100.473250799
2018-05-01,733698150.0,39354325.0,0.0536383047987786,5,2018,0.49999999999999994,-0.8660254037844387,40537700.0,40673800.0,37808650.0,57576550.0,71256225.0,39673383.333333336,1616339.570087732,45570504.166666664,8125622.49871377,56824845.833333336,13267659.114158869
2018-06-01,661391150.0,29541400.0,0.0446655507863992,6,2018,1.2246467991473532e-16,-1.0,39354325.0,40537700.0,40673800.0,53902650.0,68422700.0,40188608.333333336,725708.1456800834,42533466.666666664,5818640.239430157,54166354.166666664,13309197.162795322
2018-07-01,688012100.0,23443525.0,0.0340742917166718,7,2018,-0.4999999999999997,-0.8660254037844388,29541400.0,39354325.0,40537700.0,42923675.0,69071100.0,36477808.333333336,6036175.488064127,38473258.333333336,4688423.776139026,50926245.833333336,14224330.523788352
2018-08-01,739736100.0,17586050.0,0.0237734105446523,8,2018,-0.8660254037844384,-0.5000000000000004,23443525.0,29541400.0,39354325.0,37808650.0,68791725.0,30779750.0,8027360.849113022,35226566.666666664,7109813.252358717,47123947.916666664,15009760.296244891
2018-09-01,635394775.0,12726375.0,0.0200290834938011,9,2018,-1.0,-1.8369701987210297e-16,17586050.0,23443525.0,29541400.0,40673800.0,70986375.0,23523658.333333332,5978077.819747368,31856133.333333332,9890490.091164114,42856808.333333336,15558438.320137095
2018-10-01,746131475.0,10558400.0,0.0141508572601095,10,2018,-0.8660254037844386,0.5000000000000001,12726375.0,17586050.0,23443525.0,40537700.0,59947000.0,17918650.0,5366310.939614084,27198229.166666668,11376545.629577234,38001808.333333336,15064809.157819092
2018-11-01,666934725.0,7337175.0,0.0110013389991051,11,2018,-0.5000000000000004,0.8660254037844384,10558400.0,12726375.0,17586050.0,39354325.0,57576550.0,13623608.333333334,3598713.2243976984,22201679.166666668,10920424.107851889,33886091.666666664,15269437.57991643
2018-12-01,637843075.0,3737850.0,0.005860140442851,12,2018,-2.4492935982947064e-16,1.0,7337175.0,10558400.0,12726375.0,29541400.0,53902650.0,10207316.666666666,2711699.4284405303,16865487.5,8392483.416646464,29699477.083333332,15069497.25943786
